subCategory,Category
Bingo Centers,
Carnivals,
Country Clubs,
Dance Halls,
Disc Golf Courses,
Party Centers,
Ticket Sellers,
Agriculture and Forestry Services,
Appraisers,
Art Restoration Services,
Audiovisual Services,
Automation and Control Systems,
Automotive Services,
Motorcycle Repair Shops,
Oil Change Services,
Smog Check Shops,
Tire Repair Shops,
Towing Services,
Transmissions Shops,
Career Counselors,
Chemicals and Gasses Manufacturers,
Computer Repair Services,
Construction,
Creative Services,
Direct Mail and Email Marketing Services,
Electrical Equipment Suppliers,
Engineers,
Entertainment Agencies,
Equipment Rental Services,
Financial Services,
Accounting and Bookkeeping Services,
Banking and Finances,
Business Brokers,
Collections Services,
Credit Counseling and Bankruptcy Services,
Financial Planners,
Loans Agencies,
Stock Brokers,
Caterers,
Food Distribution Centers,
Geological Services,
Barbershops,
Hair Removal Services,
Skin Care Clinics,
Home Improvement Services,
Bathroom Contractors,
Carpenters,
Carpet and Flooring Contractors,
Chimney Sweeps,
Deck and Patio Contractors,
Doors and Windows Contractors,
Electricians,
Fence Contractors,
Garage Door Suppliers,
General Contractors,
"Heating, Ventilating and Air Conditioning Contractors",
Home Inspections,
Interior Designers,
Kitchen Remodelers,
Landscaper and Gardeners,
Movers,
Painters,
Pest Control Services,
Plumbers,
Professional Cleaning Services,
Roofers,
Sewer Contractors,
Swimming Pool Maintenance and Services,
Tree Services,
Upholstery Services,
Human Resources Agencies,
Import and Export Services,
Industrial Equipment Suppliers,
Laboratories,
Leather Suppliers,
Legal Services,
Immigration Attorneys,
Logging Services,
Machine Shops,
Management Consultants,
Manufacturers,
Market Research and Consulting,
Media Agencies,
Metals Suppliers,
Mobile Companies,
Business and Strategy Consulting Offices,
Corporate Housing Agencies,
Office Buildings,
Online Advertising,
Paper Suppliers,
Pet Grooming Services,Services
Pet Sitting and Boarding Services,
Petroleum Suppliers,
Photography Services,
Photographers,
Plastics Suppliers,
"Print, TV, Radio and Outdoor Advertising",
Promotional Items,
Public Relations Firms,
Publishers,
Real Estate Services,
Building and Land Surveyors,
Commercial Real Estate Developers,
Property Management Offices,
Real Estate Appraisers,
Real Estate Development and Title Companies,
Refrigeration and Ice Suppliers,
Renewable Energy Services,
Rubber Suppliers,
Salvage Yards,
Scientific Equipment Suppliers,
Search Engine Marketing and Optimization,
Security and Safety,
Technology Business,
Software Companies,
Website Designers,
Telecommunication Services,
Translation Services,
Tutoring Services,
Water Treatment Services,
Welding Services,
Wholesalers,
"Writing, Copywriting and Technical Writing",
Communities and Government,
Addiction Treatment Centers,
Charities,
Disabled Persons Services,
Domestic Abuse Treatment Centers,
Dumps,
Art Schools,
Computer Training Schools,
Primary and Secondary Schools,
Government Departments,
Law Enforcement and Public Safety,
Probation Offices,
Rescue Services,
Military,
Government Lobbyist,
Homeless Shelters,
Housing Authorities,
Organizations,
Environmental Organizations,
Labor Unions,
LGBTQ Organizations,
Social Services Organizations,
Youth Organizations,
Public and Social Services,
Retirement Homes,
Senior Citizen Services,
Utility Companies,
Dining and Drinking,Food
"Cafes, Coffee, and Tea Houses",Coffee
Entertainment Events,
Marketplaces,
Health and Medicine,
AIDS Resources,
Assisted Living Services,Services
Emergency Services,Services
Ambulance Services,Services
Healthcare Clinics,Services
Home Health Care Services,Services
Children's Hospitals,Services
Mental Health Services,Services
Psychologists,Services
Nurses,Services
Nursing Homes,Services
Other Healthcare Professionals,Services
Physicians,Services
Anesthesiologists,Services
Cardiologists,Services
Dermatologists,Services
"Ear, Nose and Throat Doctors",Services
Family Medicine Doctors,Services
Gastroenterologists,Services
General Surgeons,Services
Geriatric Doctors,Services
Internal Medicine Doctors,Services
Neurologists,Services
Obstetrician Gynecologists (Ob-gyn),Services
Oncologists,Services
Ophthalmologists,Services
Oral Surgeons,Services
Orthopedic Surgeons,Services
Pathologists,Services
Pediatricians,Services
Plastic Surgeons,Services
Psychiatrists,Services
Radiologists,Services
Respiratory Doctors,Services
Urologists,Services
Podiatrists,Services
Sports Medicine Clinics,Services
Women's Health Clinics,Services
Natural Parks,Outdoors
Urban Parks,Outdoors
Auction Houses,Shopping
Automotive Retail,Shopping
Classic and Antique Car Dealerships,Shopping
RV and Motorhome Dealerships,Shopping
Car Parts and Accessories,Shopping
Moped Dealerships,Shopping
Motor Scooter Dealerships,Shopping
Cannabis Stores,Shopping
Computers and Electronics Retail,Shopping
Dance Stores,Shopping
Fashion Retail,Shopping
Sunglasses Stores,Shopping
Swimwear Stores,Shopping
Kosher Stores,Shopping
Meat and Seafood Stores,Shopping
Home Appliance Stores,Shopping
Housewares Stores,Shopping
Packaging Supply Stores,Shopping
Party Supply Stores,Shopping
Baseball Stores,Shopping
Golf Stores,Shopping
Running Stores,Shopping
Soccer Stores,Shopping
Surf Stores,Shopping
Tennis Stores,Shopping
Swimming Pool Supply Stores,Shopping
Tobacco Stores,Shopping
Athletic Fields,Outdoors
Baseball,Outdoors
Baseball Clubs,Outdoors
Batting Cages,Outdoors
Basketball,Outdoors
Basketball Clubs,Outdoors
Equestrian Facilities,Outdoors
Football,Outdoors
Football Clubs,Outdoors
Football Fields,Outdoors
Golf,Outdoors
Golf Clubs,Outdoors
Gymnastics,Outdoors
Hockey,Outdoors
Hockey Clubs,Outdoors
Hunting Areas,Outdoors
Personal Trainers,Outdoors
Racquet Sports,Outdoors
Racquet Sport Clubs,Outdoors
Racquetball Clubs,Outdoors
Tennis,Outdoors
Tennis Clubs,Outdoors
Rugby,Outdoors
Running and Track,Outdoors
Running Clubs,Outdoors
Skating,Outdoors
Skydiving Centers,Outdoors
Snow Sports,Outdoors
Soccer,Outdoors
Soccer Clubs,Outdoors
Water Sports,Outdoors
Canoe and Kayak Rentals,Outdoors
Rafting Outfitter,Outdoors
Sailing Clubs,Outdoors
Scuba Diving Instructors,Outdoors
Surfing,Outdoors
Swimming,Outdoors
Swimming Clubs,Outdoors
Hot Air Balloon Tour Agencies,Outdoors
Lodging,Travel
Cabins,Travel
Lodges,Travel
Transport Hubs,Travel
International Airports,Travel
Private Airports,Travel
Charter Buses,Travel
Limo Services,Travel
Public Transportation,Travel
Arts and Entertainment,Arts
Amusement Parks,Arts
Aquariums,Arts
Arcades,Arts
Art Galleries,Arts
Attractions,Arts
Bowling Alleys,Arts
Casinos,Arts
Circuses,Arts
Comedy Clubs,Arts
Country Dance Clubs,Arts
Disc Golfs,Arts
Escape Rooms,Arts
Exhibits,Arts
Fairs,Arts
Gaming Cafes,Arts
Go Kart Tracks,Arts
Internet Cafes,Arts
Karaoke Boxes,Arts
Laser Tag Centers,Arts
Mini Golf Courses,Arts
Movie Theaters,Arts
Drive-in Theaters,Arts
Indie Movie Theaters,Arts
Museums,Arts
Art Museums,Arts
Erotic Museums,Arts
History Museums,Arts
Science Museums,Arts
Night Clubs,Nightlife
Pachinko Parlors,Arts
Performing Arts Venues,Arts
Amphitheaters,Arts
Concert Halls,Arts
Indie Theaters,Arts
Music Venues,Arts
Jazz and Blues Venues,Arts
Rock Clubs,Arts
Opera Houses,Arts
Theaters,Arts
Planetariums,Arts
Pool Halls,Arts
Psychics and Astrologers,Arts
Public Art,Arts
Outdoor Sculptures,Arts
Street Arts,Arts
Roller Rinks,Arts
Salsa Clubs,Nightlife
Samba Schools,Arts
Stadiums,Outdoors
Baseball Stadiums,Outdoors
Basketball Stadiums,Outdoors
Football Stadiums,Outdoors
Hockey Stadiums,Outdoors
Rugby Stadiums,Outdoors
Soccer Stadiums,Outdoors
Tennis Stadiums,Outdoors
Track Stadiums,Outdoors
Strip Clubs,
VR Cafes,
Water Parks,Outdoors
Zoos,Arts
Zoo Exhibits,Arts
Business and Professional Services,
Advertising Agencies,Arts
Architecture Firms,Arts
Art Studios,Arts
Auditoriums,Arts
Automotive Repair Shops,Services
Car Washes and Details,Services
Vehicle Inspection Stations,
Ballrooms,
Business Centers,Work
Business Services,Work
Child Care Services,
Conference Rooms,Work
Convention Centers,Work
Daycares,
Design Studios,
Distribution Centers,
Employment Agencies,
Entertainment Services,
Event Services,
Event Spaces,
Factories,
Film Studios,Arts
ATMs,Services
Banks,Services
Credit Unions,Services
Check Cashing Services,Services
Currency Exchanges,Services
Food and Beverage Services,Services
Funeral Homes,Services
Health and Beauty Services,Services
Bath Houses,Services
Body Piercing Shops,Services
Dry Cleaners,Services
Hair Salons,Services
Massage Clinics,Services
Nail Salons,Services
Spas,Services
Tanning Salons,Services
Tattoo Parlors,Services
Home Services,
Industrial Estates,Services
Insurance Agencies,Services
Laundromats,Services
Laundry Services,Services
Law Offices,Services
Notaries,Services
Locksmiths,Services
Lottery Retailers,Services
Offices,Work
Campaign Offices,
Corporate Amenities,Work
Corporate Cafeterias,Work
Corporate Coffee Shops,Coffee
Coworking Spaces,Work
Meeting Rooms,Work
Tech Startups,Work
Outdoor Event Spaces,Work
Pet Services,Services
Photography Labs,
Photography Studios,
Power Plants,
Radio Stations,
Real Estate Agencies,
Recording Studios,
Recycling Facilities,
Rental Services,
Repair Services,
Research Laboratories,
Research Stations,
"Shipping, Freight, and Material Transportation Services",
Shoe Repair Services,
Storage Facilities,
Tailors,
IT Services,
TV Stations,
Warehouses,
Waste Management Services,
Wedding Halls,
Animal Shelters,Services
Assisted Living,
Cemeteries,
Community Centers,
Cultural Centers,
Education,Education
Adult Education,Education
Circus Schools,Education
Colleges and Universities,Education
College Academic Buildings,Education
College Administrative Buildings,Education
College Arts Buildings,Education
College Auditoriums,Education
College Baseball Diamonds,
College Basketball Courts,
College Bookstores,
College Cafeterias,
College Classrooms,Education
College Communications Buildings,Education
College Cricket Pitches,
College Engineering Buildings,
College Football Fields,
College Gyms,
College History Buildings,
College Hockey Rinks,
College Labs,
College Libraries,
College Math Buildings,
College Quads,
College Rec Centers,
College Residence Halls,
College Science Buildings,
College Soccer Fields,
College Stadiums,
College Technology Buildings,
College Tennis Courts,
College Theaters,
College Tracks,
Community Colleges,Education
Fraternity Houses,Education
Law Schools,Education
Medical Schools,Education
Sorority Houses,Education
Student Centers,Education
Universities,Education
Culinary Schools,Education
Driving Schools,Education
Flight Schools,Education
Language Schools,Education
Music Schools,Education
Nursery Schools,Education
Preschools,Education
Elementary Schools,Education
High Schools,Education
Middle Schools,Education
Private Schools,Education
Religious Schools,Education
Trade Schools,Education
Government Buildings,
Capitol Buildings,
City Halls,
Courthouses,
Embassy or Consulates,
Fire Stations,
Police Stations,
Military Bases,
Post Offices,Shopping
Housing Developments,
Libraries,Arts
Observatories,
Club Houses,
Non-Profit Organizations,
Veterans' Organizations,
Polling Places,
Prisons,
Public Bathrooms,
Rehabilitation Centers,
Residential Buildings,
Apartments or Condos,Residence
Homes (private),Residence
Social Clubs,
Spiritual Centers,
Buddhist Temples,
Cemevis,
Churches,
Confucian Temples,
Hindu Temples,
Kingdom Halls,
Monasteries,
Mosques,
Prayer Rooms,
Shrines,
Sikh Temples,
Synagogues,
Temples,
Terreiros,
Summer Camps,
Town Halls,
Trailer Parks,
Bagel Shops,Coffee
Bakeries,Coffee
Bars,Nightlife
Apres Ski Bars,Nightlife
Beach Bars,Nightlife
Beer Bars,Nightlife
Beer Gardens,Nightlife
Breakfast Spots,Food
Champagne Bars,Nightlife
Cocktail Bars,Nightlife
Dive Bars,Nightlife
Gay Bars,Nightlife
Hookah Bars,Nightlife
Hotel Bars,Nightlife
Ice Bars,Nightlife
Irish Pubs,Nightlife
Karaoke Bars,Nightlife
Lounges,Nightlife
Piano Bars,Nightlife
Pubs,Nightlife
Rooftop Bars,Nightlife
Sake Bars,Nightlife
Speakeasies,Nightlife
Sports Bars,Nightlife
Tiki Bars,Nightlife
Whisky Bars,Nightlife
Wine Bars,Nightlife
Breweries,Nightlife
Bubble Tea Shops,Coffee
Cafés,Coffee
Coffee Shops,Coffee
Pet Cafés,Coffee
Tea Rooms,Coffee
Cafeterias,Coffee
Cideries,Food
Creperies,Dessert
Dessert Shops,Dessert
Cupcake Shops,Dessert
Frozen Yogurt Shops,Dessert
Gelato Shops,Dessert
Ice Cream Parlors,Dessert
Pastry Shops,Dessert
Pie Shops,Dessert
Waffle Shops,Dessert
Distilleries,Food
Donut Shops,Dessert
Food Courts,Food
Food Stands,Food
Food Trucks,Food
Juice Bars,Food
Meaderies,Food
Night Markets,Food
Restaurants,Food
Afghan Restaurants,Food
African Restaurants,Food
Ethiopian Restaurants,Food
Mauritian Restaurants,Food
American Restaurants,Food
New American Restaurants,Food
Armenian Restaurants,Food
Asian Restaurants,Food
Australian Restaurants,Food
Austrian Restaurants,Food
Bangladeshi Restaurants,Food
BBQ Joints,Food
Belarusian Restaurants,Food
Belgian Restaurants,Food
Bistros,Food
Bosnian Restaurants,Food
Buffets,Food
Bulgarian Restaurants,Food
Burger Joints,Food
Burmese Restaurants,Food
Cajun and Creole Restaurants,Food
Cambodian Restaurants,Food
Caribbean Restaurants,Food
Cuban Restaurants,Food
Puerto Rican Restaurants,Food
Caucasian Restaurants,Food
Chinese Restaurants,Food
Anhui Restaurants,Food
Beijing Restaurants,Food
Cantonese Restaurants,Food
Cha Chaan Tengs,Food
Chinese Aristocrat Restaurants,Food
Chinese Breakfast Restaurants,Food
Dim Sum Restaurants,Food
Dongbei Restaurants,Food
Fujian Restaurants,Food
Guizhou Restaurants,Food
Hainan Restaurants,Food
Hakka Restaurants,Food
Henan Restaurants,Food
Hong Kong Restaurants,Food
Huaiyang Restaurants,Food
Hubei Restaurants,Food
Hunan Restaurants,Food
Imperial Restaurants,Food
Jiangsu Restaurants,Food
Jiangxi Restaurants,Food
Macanese Restaurants,Food
Manchu Restaurants,Food
Peking Duck Restaurants,Food
Shaanxi Restaurants,Food
Shandong Restaurants,Food
Shanghai Restaurants,Food
Shanxi Restaurants,Food
Szechuan Restaurants,Food
Taiwanese Restaurants,Food
Tianjin Restaurants,Food
Xinjiang Restaurants,Food
Yunnan Restaurants,Food
Zhejiang Restaurants,Food
Comfort Food Restaurants,Food
Czech Restaurants,Food
Delis,Food
Diners,Food
Dumpling Restaurants,Food
Dutch Restaurants,Food
Eastern European Restaurants,Food
Egyptian Restaurants,Food
English Restaurants,Food
Falafel Restaurants,Food
Fast Food Restaurants,Food
Filipino Restaurants,Food
Fish and Chips Shops,Food
Fondue Restaurants,Food
French Restaurants,Food
Alsatian Restaurants,Food
Auvergne Restaurants,Food
Basque Restaurants,Food
Brasseries,Food
Breton Restaurants,Food
Burgundian Restaurants,Food
Catalan Restaurants,Food
Ch'ti Restaurants,Food
Corsican Restaurants,Food
Estaminets,Food
Labour Canteens,Food
Lyonese Bouchons,Food
Norman Restaurants,Food
Provençal Restaurants,Food
Savoyard Restaurants,Food
Southwestern French Restaurants,Food
Fried Chicken Joints,Food
Friteries,Food
Gastropubs,Food
German Restaurants,Food
Apple Wine Pubs,Food
Bavarian Restaurants,Food
Bratwurst Joints,Food
Currywurst Joints,Food
Franconian Restaurants,Food
German Pop-Up Restaurants,Food
Palatine Restaurants,Food
Rhenisch Restaurants,Food
Schnitzel Restaurants,Food
Silesian Restaurants,Food
Swabian Restaurants,Food
Gluten-Free Restaurants,Food
Greek Restaurants,Food
Bougatsa Shops,Food
Cretan Restaurants,Food
Fish Tavernas,Food
Grilled Meat Restaurants,Food
Kafenios,Food
Magirios,Food
Meze Restaurants,Food
Modern Greek Restaurants,Food
Ouzeries,Food
Patsa Restaurants,Food
Souvlaki Shops,Food
Tavernas,Food
Tsipouro Restaurants,Food
Halal Restaurants,Food
Hawaiian Restaurants,Food
Poke Restaurants,Food
Himalayan Restaurants,Food
Hot Dog Joints,Food
Hotpot Restaurants,Food
Hungarian Restaurants,Food
Indian Chinese Restaurants,Food
Indian Restaurants,Food
Andhra Restaurants,Food
Awadhi Restaurants,Food
Bengali Restaurants,Food
Chaat Places,Food
Chettinad Restaurants,Food
Dhabas,Food
Dosa Places,Food
Goan Restaurants,Food
Gujarati Restaurants,Food
Hyderabadi Restaurants,Food
Indian Sweet Shops,Food
Irani Cafes,Food
Jain Restaurants,Food
Karnataka Restaurants,Food
Kerala Restaurants,Food
Maharashtrian Restaurants,Food
Mughlai Restaurants,Food
Multicuisine Indian Restaurants,Food
North Indian Restaurants,Food
Northeast Indian Restaurants,Food
Parsi Restaurants,Food
Punjabi Restaurants,Food
Rajasthani Restaurants,Food
South Indian Restaurants,Food
Udupi Restaurants,Food
Indonesian Restaurants,Food
Acehnese Restaurants,Food
Balinese Restaurants,Food
Betawinese Restaurants,Food
Indonesian Meatball Restaurants,Food
Javanese Restaurants,Food
Manadonese Restaurants,Food
Padangnese Restaurants,Food
Sundanese Restaurants,Food
Iraqi Restaurants,Food
Israeli Restaurants,Food
Italian Restaurants,Food
Abruzzo Restaurants,Food
Agriturismos,Food
Aosta Restaurants,Food
Basilicata Restaurants,Food
Calabria Restaurants,Food
Campanian Restaurants,Food
Emilia Restaurants,Food
Friuli Restaurants,Food
Ligurian Restaurants,Food
Lombard Restaurants,Food
Malgas,Food
Marche Restaurants,Food
Molise Restaurants,Food
Piadinerias,Food
Piedmontese Restaurants,Food
Puglia Restaurants,Food
Romagna Restaurants,Food
Roman Restaurants,Food
Sardinian Restaurants,Food
Sicilian Restaurants,Food
South Tyrolean Restaurants,Food
Trattorias,Food
Trentino Restaurants,Food
Tuscan Restaurants,Food
Umbrian Restaurants,Food
Veneto Restaurants,Food
Japanese Restaurants,Food
Donburi Restaurants,Food
Japanese Curry Restaurants,Food
Japanese Family Restaurants,Food
Kaiseki Restaurants,Food
Kushikatsu Restaurants,Food
Monjayaki Restaurants,Food
Nabe Restaurants,Food
Okonomiyaki Restaurants,Food
Ramen Restaurants,Food
Shabu-Shabu Restaurants,Food
Soba Restaurants,Food
Sukiyaki Restaurants,Food
Sushi Restaurants,Food
Takoyaki Places,Food
Teishoku Restaurants,Food
Tempura Restaurants,Food
Tonkatsu Restaurants,Food
Udon Restaurants,Food
Unagi Restaurants,Food
Wagashi Places,Food
Yakitori Restaurants,Food
Yoshoku Restaurants,Food
Jewish Restaurants,Food
Kosher Restaurants,Food
Kebab Restaurants,Food
Korean Restaurants,Food
Bossam/Jokbal Restaurants,Food
Bunsik Restaurants,Food
Gukbap Restaurants,Food
Janguh Restaurants,Food
Korean BBQ Restaurants,Food
Samgyetang Restaurants,Food
Kurdish Restaurants,Food
Latin American Restaurants,Food
Arepa Restaurants,Food
Argentinian Restaurants,Food
Brazilian Restaurants,Food
Acai Houses,Food
Baiano Restaurants,Food
Central Brazilian Restaurants,Food
Churrascarias,Food
Empada Houses,Food
Goiano Restaurants,Food
Mineiro Restaurants,Food
Northeastern Brazilian Restaurants,Food
Northern Brazilian Restaurants,Food
Pastelarias,Food
Southeastern Brazilian Restaurants,Food
Southern Brazilian Restaurants,Food
Tapiocarias,Food
Colombian Restaurants,Food
Empanada Restaurants,Food
Honduran Restaurants,Food
Peruvian Restaurants,Food
Peruvian Roast Chicken Joints,Food
Salvadoran Restaurants,Food
South American Restaurants,Food
Venezuelan Restaurants,Food
Lebanese Restaurants,Food
Mac and Cheese Joints,Food
Malay Restaurants,Food
Mamak Restaurants,Food
Mediterranean Restaurants,Food
Mexican Restaurants,Food
Botaneros,Food
Burrito Restaurants,Food
Taco Restaurants,Food
Tex-Mex Restaurants,Food
Yucatecan Restaurants,Food
Middle Eastern Restaurants,Food
Modern European Restaurants,Food
Molecular Gastronomy Restaurants,Food
Mongolian Restaurants,Food
Moroccan Restaurants,Food
Noodle Restaurants,Food
Pakistani Restaurants,Food
Persian Restaurants,Food
Ash and Haleem Places,Food
Dizi Places,Food
Gilaki Restaurants,Food
Jegarakis,Food
Tabbakhis,Food
Pizzerias,Food
Polish Restaurants,Food
Portuguese Restaurants,Food
Poutine Restaurants,Food
Romanian Restaurants,Food
Russian Restaurants,Food
Blini Houses,Food
Pelmeni Houses,Food
Salad Restaurants,Food
Sandwich Spots,Food
Satay Restaurants,Food
Scandinavian Restaurants,Food
Scottish Restaurants,Food
Seafood Restaurants,Food
Shawarma Restaurants,Food
Singaporean Restaurants,Food
Slovak Restaurants,Food
Soup Spots,Food
Southern Food Restaurants,Food
Spanish Restaurants,Food
Paella Restaurants,Food
Tapas Restaurants,Food
Sri Lankan Restaurants,Food
Steakhouses,Food
Swiss Restaurants,Food
Syrian Restaurants,Food
Tatar Restaurants,Food
Thai Restaurants,Food
Som Tum Restaurants,Food
Theme Restaurants,Food
Tibetan Restaurants,Food
Turkish Restaurants,Food
Borek Places,Food
Cigkofte Places,Food
Çöp Şiş Places,Food
Doner Restaurants,Food
Gozleme Places,Food
Kofte Places,Food
Kokoreç Restaurants,Food
Kumpir Restaurants,Food
Kumru Restaurants,Food
Manti Places,Food
Meyhanes,Food
Pide Places,Food
Pilavcıs,Food
Söğüş Places,Food
Tantuni Restaurants,Food
Turkish Coffeehouses,Food
Turkish Home Cooking Restaurants,Food
Ukrainian Restaurants,Food
Varenyky Restaurants,Food
West-Ukrainian Restaurants,Food
Vegan and Vegetarian Restaurants,Food
Vietnamese Restaurants,Food
Wings Joints,Food
Yemeni Restaurants,Food
Smoothie Shops,
Snack Places,
Vineyards,
Wineries,
Events,
Conferences,
Conventions,Work
Festivals,Art
Beer Festivals,Art
Music Festivals,Art
Parades,Art
Sporting Events,Art
Lines,Art
Christmas Markets,Shopping
Stoop Sales,Shopping
Street Fairs,Art
Street Food Gatherings,Food
Trade Fairs,Shopping
Other Events,
Acupuncture Clinics,Services
Alternative Medicine Clinics,Services
Blood Banks,Services
Chiropractors,Services
Dentists,Services
Emergency Rooms,Services
Hospices,Services
Hospitals,Services
Hospital Units,Services
Maternity Clinics,Services
Medical Centers,Services
Medical Labs,Services
Mental Health Clinics,Services
Nutritionists,Services
Optometrists,Services
Physical Therapy Clinics,Services
Doctor's Offices,Services
Urgent Care Centers,Services
Veterinarians,Services
Weight Loss Centers,Services
Landmarks and Outdoors,Outdoors
Bathing Areas,
Bays,Outdoors
Beaches,Outdoors
Bike Trails,Outdoors
Boat Launches,Outdoors
Botanical Gardens,Outdoors
Bridges,Outdoors
Campgrounds,Outdoors
Canal Locks,Outdoors
Canals,Outdoors
Castles,Outdoors
Caves,Outdoors
Dams,Outdoors
Dive Spots,Outdoors
Farms,Outdoors
Fields,Outdoors
Forests,Outdoors
Fountains,Outdoors
Gardens,Outdoors
Harbors or Marinas,Outdoors
Hiking Trails,Outdoors
Hills,Outdoors
Historic and Protected Sites,Outdoors
Hot Springs,Outdoors
Islands,Outdoors
Lakes,Outdoors
Lighthouses,Outdoors
Memorial Sites,Outdoors
Monuments,Outdoors
Mountain Huts,Outdoors
Mountains,Outdoors
Nature Preserves,Outdoors
Nudist Beaches,Outdoors
Other Great Outdoors,Outdoors
Palaces,Outdoors
Parks,Outdoors
Dog Parks,Outdoors
National Parks,Outdoors
Picnic Areas,Outdoors
Playgrounds,Outdoors
State or Provincial Parks,Outdoors
Pedestrian Plazas,Outdoors
Picnic Shelters,Outdoors
Plazas,Outdoors
Reservoirs,Outdoors
Rivers,Outdoors
Rock Climbing Spots,Outdoors
Roof Decks,Outdoors
Scenic Lookouts,Outdoors
Sculpture Gardens,Outdoors
Stables,Outdoors
States and Municipalities,Locale
Cities,Locale
Counties,Locale
Countries,Locale
Neighborhoods,Locale
States,Locale
Towns,Locale
Villages,Locale
Structures,Outdoors
Surf Spots,Outdoors
Trees,Outdoors
Tunnels,Outdoors
Volcanoes,Outdoors
Waterfalls,Outdoors
Waterfronts,Outdoors
Wells,Outdoors
Windmills,Outdoors
Retail,Shopping
Adult Stores,Shopping
Antique Stores,Shopping
Arts and Crafts Stores,Shopping
Car Dealerships,Shopping
New Car Dealerships,Shopping
Used Car Dealerships,Shopping
Motorcycle Dealerships,Shopping
Motorsports Stores,Shopping
Baby Stores,Shopping
Betting Shops,Shopping
Big Box Stores,Shopping
Board Stores,Shopping
Bookstores,Shopping
Used Bookstores,Shopping
Boutiques,Shopping
Comic Book Stores,Shopping
Camera Stores,Shopping
Electronics Stores,Shopping
Mobile Phone Stores,Shopping
Video Game Stores,Shopping
Construction Supplies Stores,Shopping
Convenience Stores,Shopping
Cosmetics Stores,Shopping
Costume Stores,Shopping
Department Stores,Shopping
Discount Stores,Shopping
Drugstores,Shopping
Duty-free Stores,Shopping
Eyecare Stores,Shopping
Batik Stores,Shopping
Bridal Stores,Shopping
Children's Clothing Stores,Shopping
Clothing Stores,Shopping
Fashion Accessories Stores,Shopping
Jewelry Stores,Shopping
Lingerie Stores,Shopping
Men's Stores,Shopping
Shoe Stores,Shopping
Watch Stores,Shopping
Women's Stores,Shopping
Fireworks Stores,Shopping
Flea Markets,Shopping
Floating Markets,Shopping
Flower Stores,Shopping
Food and Beverage Retail,Shopping
Beer Stores,Shopping
Butchers,Shopping
Candy Stores,Shopping
Cheese Stores,Shopping
Chocolate Stores,Shopping
Coffee Roasters,Shopping
Dairy Stores,Shopping
Farmers Markets,Shopping
Fish Markets,Shopping
Fruit and Vegetable Stores,Shopping
Gourmet Stores,Shopping
Grocery Stores,Shopping
Organic Groceries,Shopping
Health Food Stores,Shopping
Herbs and Spices Stores,Shopping
Imported Food Stores,Shopping
Kuruyemişçi Shops,Shopping
Liquor Stores,Shopping
Sausage Stores,Shopping
Supermarkets,Shopping
Turşucu Shops,Shopping
Wine Stores,Shopping
Framing Stores,Shopping
Furniture and Home Stores,Shopping
Carpet Stores,Shopping
Kitchen Supply Stores,Shopping
Lighting Stores,Shopping
Mattress Stores,Shopping
Garden Centers,Shopping
Gift Stores,Shopping
Hardware Stores,Shopping
Hobby Stores,Shopping
Knitting Stores,Shopping
Leather Goods Stores,Shopping
Luggage Stores,Shopping
Marijuana Dispensaries,Shopping
Markets,Shopping
Medical Supply Stores,Shopping
Miscellaneous Stores,Shopping
Mobility Stores,Shopping
Music Stores,Shopping
Newsagents,Shopping
Newsstands,Shopping
Office Supply Stores,Shopping
Outdoor Supply Stores,Shopping
Outlet Malls,Shopping
Outlet Stores,Shopping
Pawn Shops,Shopping
Perfume Stores,Shopping
Pet Supplies Stores,Shopping
Pharmacies,Shopping
Pop-Up Stores,Shopping
Print Stores,Shopping
Record Stores,Shopping
Shopping Malls,Shopping
Shopping Plazas,Shopping
Smoke Shops,Shopping
Souvenir Stores,Shopping
Sporting Goods Retail,Shopping
Bicycle Stores,Shopping
Dive Stores,Shopping
Fishing Stores,Shopping
Gun Stores,Shopping
Hunting Supply Stores,Shopping
Skate Stores,Shopping
Ski Stores,Shopping
Stationery Stores,Shopping
Supplement Stores,Shopping
Textiles Stores,Shopping
Toy Stores,Shopping
Vape Stores,Shopping
Video Stores,Shopping
Vintage and Thrift Stores,Shopping
Warehouse or Wholesale Stores,Shopping
Sports and Recreation,Outdoors
Baseball Fields,Outdoors
Basketball Courts,Outdoors
Bowling Greens,Outdoors
Cricket Grounds,Outdoors
Curling Ices,Outdoors
Fishing Areas,Outdoors
Golf Courses,Outdoors
Golf Driving Ranges,Outdoors
Gun Ranges,Outdoors
Gym and Studios,Outdoors
Boxing Gyms,Outdoors
Climbing Gyms,Outdoors
Cycle Studios,Outdoors
Dance Studios,Outdoors
Gym Pools,Outdoors
Gyms,Outdoors
Outdoor Gyms,Outdoors
Pilates Studios,Outdoors
Yoga Studios,Outdoors
Gymnastics Centers,Outdoors
Hockey Fields,Outdoors
Hockey Rinks,Outdoors
Indoor Play Areas,Outdoors
Martial Arts Dojos,Outdoors
Paintball Fields,Outdoors
Race Tracks,Outdoors
Racecourses,Outdoors
Badminton Courts,Outdoors
Squash Courts,Outdoors
Tennis Courts,Outdoors
Recreation Centers,Outdoors
Rugby Pitches,Outdoors
Tracks,Outdoors
Saunas,Outdoors
Skate Parks,Outdoors
Skating Rinks,Outdoors
Skydiving Drop Zones,Outdoors
Ski Chalets,Outdoors
Ski Lodges,Outdoors
Ski Resorts and Areas,Outdoors
Ski Chairlifts,Outdoors
Ski Trails,Outdoors
Soccer Fields,Outdoors
Sports Clubs,Outdoors
Volleyball Courts,Outdoors
Rafting Spots,Outdoors
Swim Schools,Outdoors
Swimming Pools,Outdoors
Travel and Transportation,Travel
Baggage Lockers,Travel
Bike Rentals,Travel
Boat or Ferries,Travel
Boat Rentals,Travel
Border Crossings,Travel
Cable Cars,Travel
Cruises,Travel
Electric Vehicle Charging Stations,Travel
Fuel Stations,Travel
Bed and Breakfasts,Travel
Boarding Houses,Travel
Hostels,Travel
Hotel Pools,Travel
Hotels,Travel
Inns,Travel
Motels,Travel
Resorts,Travel
Vacation Rentals,Travel
Moving Targets,Travel
Parking,Travel
Piers,Travel
Platforms,Travel
Ports,Travel
Rest Areas,Travel
Roads,Travel
Intersections,Travel
RV Parks,Travel
Toll Booths,Travel
Toll Plazas,Travel
Tour Providers,Travel
Tourist Information and Services,Travel
Trains,Travel
Airfields,Travel
Airport Food Courts,Travel
Airport Gates,Travel
Airport Lounges,Travel
Airport Services,Travel
Airport Terminals,Travel
Airport Tram Stations,Travel
Airports,Travel
Airport Ticket Counters,Travel
Baggage Claims,Travel
Bus Stations,Travel
Bus Stops,Travel
Heliports,Travel
Light Rail Stations,Travel
Marine Terminals,Travel
Metro Stations,Travel
Planes,Travel
Rail Stations,Travel
Rental Car Locations,Travel
Taxi Stands,Travel
Tram Stations,Travel
Transportation Services,Travel
Bus Lines,Travel
Taxis,Travel
Travel Agencies,Travel
Travel Lounges,Travel
Truck Stops,Travel